"0","ECK125110257","OmpR","ECK125228817","1092545","1092564","1092555","reverse","ECK125230219","pgaABCD","-","pgaAp","-31.5","tgcatcggaaTTTACTGATTTAATTATTTTaatcctaatt","[GEA|W|Gene expression analysis],[BPP|S|Binding of purified proteins],[HIBSCS|W|Human inference based on similarity to consensus sequences]","Strong",
"1","ECK125110257","OmpR","ECK120013346","1103384","1103403","1103394","reverse","ECK120031688","csgDEFG","+","csgDp1","-49.5","aatataacgaGTTACATTTAGTTACATGTTtaacacttga","[GEA|W|Gene expression analysis],[BPP|S|Binding of purified proteins],[HIBSCS|W|Human inference based on similarity to consensus sequences]","Strong",
"1","ECK125110257","OmpR","ECK120020632","1712616","1712635","1712626","forward","ECK125141289","dtpA","+","tppBp","-45.5","tcagttatatGTAACAGATTATTACAAAGGacttgtctga","[GEA|W|Gene expression analysis],[BPP|S|Binding of purified proteins]","Strong",
"1","ECK125110257","OmpR","ECK120013474","1978368","1978387","1978378","reverse","ECK120031928","flhDC","-","flhDp","18.5","tcgatttaggAAAAATCTTAGATAAGTGTAaagacccatt","[HIBSCS|W|Human inference based on similarity to consensus sequences]","Weak",
"0","ECK125110257","OmpR","ECK120013472","1978531","1978550","1978541","reverse","ECK120031927","flhDC","-","flhDp","-145.5","caaagtcatcGGGCATTATCTGAACATAAAacactatcaa","[HIBSCS|W|Human inference based on similarity to consensus sequences]","Weak",
"1","ECK125110257","OmpR","ECK120012836","2312868","2312887","2312878","reverse","ECK120030910","ompC","+","ompCp1","-47.5","gaaacatcttAAAAGTTTTAGTATCATATTcgtgttggat","[GEA|W|Gene expression analysis],[SM|S|Site mutation],[BPP|S|Binding of purified proteins],[HIBSCS|W|Human inference based on similarity to consensus sequences]","Strong",
"1","ECK125110257","OmpR","ECK120012836","2312868","2312887","2312878","forward","ECK125135250","micF","+","micFp","-206.5","atccaacacgAATATGATACTAAAACTTTTaagatgtttc","[GEA|W|Gene expression analysis],[SM|S|Site mutation],[BPP|S|Binding of purified proteins],[HIBSCS|W|Human inference based on similarity to consensus sequences]","Strong",
"1","ECK125110257","OmpR","ECK120012834","2312888","2312907","2312898","reverse","ECK120030909","ompC","+","ompCp1","-67.5","aaacatctatAGCGATAAATGAAACATCTTaaaagtttta","[GEA|W|Gene expression analysis],[SM|S|Site mutation],[BPP|S|Binding of purified proteins],[HIBSCS|W|Human inference based on similarity to consensus sequences]","Strong",
"1","ECK125110257","OmpR","ECK120012834","2312888","2312907","2312898","forward","ECK125135249","micF","+","micFp","-186.5","taaaacttttAAGATGTTTCATTTATCGCTatagatgttt","[GEA|W|Gene expression analysis],[SM|S|Site mutation],[BPP|S|Binding of purified proteins],[HIBSCS|W|Human inference based on similarity to consensus sequences]","Strong",
"1","ECK125110257","OmpR","ECK120012832","2312909","2312928","2312919","reverse","ECK120030908","ompC","+","ompCp1","-88.5","ttcccttgcaTTTACATTTTGAAACATCTAtagcgataaa","[GEA|W|Gene expression analysis],[SM|S|Site mutation],[BPP|S|Binding of purified proteins],[HIBSCS|W|Human inference based on similarity to consensus sequences]","Strong",
"1","ECK125110257","OmpR","ECK120012832","2312909","2312928","2312919","forward","ECK125135248","micF","+","micFp","-165.5","tttatcgctaTAGATGTTTCAAAATGTAAAtgcaagggaa","[GEA|W|Gene expression analysis],[SM|S|Site mutation],[BPP|S|Binding of purified proteins],[HIBSCS|W|Human inference based on similarity to consensus sequences]","Strong",
"1","ECK125110257","OmpR","ECK120013323","2461046","2461065","2461056","forward","ECK120030813","fadL","-","fadLp","-149.5","gataagtgacCGAAATCACACTTAAAAATGatctaaaaca","[SM|S|Site mutation],[HIBSCS|W|Human inference based on similarity to consensus sequences]","Strong",
"1","ECK125110257","OmpR","ECK120013325","2461135","2461154","2461145","forward","ECK120030814","fadL","-","fadLp","-60.5","atcgcgtttcTTAGATCATATTTGAAAAAAgatagaaaca","[GEA|W|Gene expression analysis],[HIBSCS|W|Human inference based on similarity to consensus sequences]","Weak",
"1","ECK125110257","OmpR","ECK120013327","2461264","2461283","2461274","forward","ECK120030815","fadL","-","fadLp","69.5","gttacagcacGTAACATAGTTTGTATAAAAataaatcatt","[GEA|W|Gene expression analysis],[HIBSCS|W|Human inference based on similarity to consensus sequences]","Weak",
"0","ECK125110257","OmpR","ECK120013329","2461314","2461333","2461324","forward","ECK120030816","fadL","-","fadLp","119.5","tcatgagccaGAAAACCCTGTTTACAAAGTctgctctcgc","[GEA|W|Gene expression analysis],[HIBSCS|W|Human inference based on similarity to consensus sequences]","Weak",
"1","ECK125110257","OmpR","ECK120023297","2976250","2976269","2976260","reverse","ECK125141290","omrA","+","omrAp","-70.5","accgacaattTACACACCTCGTTGCATTTCccttcattcc","[GEA|W|Gene expression analysis],[HIBSCS|W|Human inference based on similarity to consensus sequences]","Weak",
"1","ECK125110257","OmpR","ECK120023298","2976447","2976466","2976457","reverse","ECK125141291","omrB","+","omrBp","-71.5","aaagagattgCAAACCTTTGGTTACACTTTgcgaaacgct","[GEA|W|Gene expression analysis],[HIBSCS|W|Human inference based on similarity to consensus sequences]","Weak",
"0","ECK125110257","OmpR","ECK120034997","4376517","4376536","4376527","forward","ECK125110284","ecnB","-","ecnBp","18.5","tttgctatagGCAAACATAAATAACATTACctaaaaggaa","[HIBSCS|W|Human inference based on similarity to consensus sequences]","Weak",
"0","ECK125110257","OmpR","ECK120011581","454377","454396","454387","forward","ECK120031215","bolA","-","bolAp1","-47.5","aggacgaaacCTAAATATTTGTTGTTAAGCtgcaatggaa","[BPP|S|Binding of purified proteins],[HIBSCS|W|Human inference based on similarity to consensus sequences]","Strong",
"0","ECK125110257","OmpR","ECK120013826","576906","576925","576916","reverse","ECK120031388","nmpC","-","nmpCp","-45.5","aatcaaacgaGAAACCAAAACTTACATCTTgaaataatca","[SM|S|Site mutation],[HIBSCS|W|Human inference based on similarity to consensus sequences]","Strong",
"1","ECK125110257","OmpR","ECK120011790","987133","987152","987143","reverse","ECK120030929","ompF","+-","ompFp","-50.5","gaaaccaaatCTTTATCTTTGTAGCACTTTcacggtagcg","[GEA|W|Gene expression analysis],[SM|S|Site mutation],[AIBSCS|W|Automated inference based on similarity to consensus sequences],[BPP|S|Binding of purified proteins]","Strong",
"1","ECK125110257","OmpR","ECK120011788","987153","987172","987163","reverse","ECK120030930","ompF","+-","ompFp","-70.5","gttacatattTTTTCTTTTTGAAACCAAATctttatcttt","[BCE|W|Binding of cellular extracts],[GEA|W|Gene expression analysis],[SM|S|Site mutation],[BPP|S|Binding of purified proteins],[HIBSCS|W|Human inference based on similarity to consensus sequences]","Strong",
"1","ECK125110257","OmpR","ECK120012844","987173","987192","987183","reverse","ECK120030928","ompF","+","ompFp","-90.5","ttccttaaatTTTACTTTTGGTTACATATTttttcttttt","[GEA|W|Gene expression analysis],[SM|S|Site mutation],[BPP|S|Binding of purified proteins],[HIBSCS|W|Human inference based on similarity to consensus sequences]","Strong",
"1","ECK125110257","OmpR","ECK120011786","987453","987472","987463","reverse","ECK125110259","ompF","-","ompFp","-370.5","cgatcatcctGTTACGGAATATTACATTGCaacatttacg","[GEA|W|Gene expression analysis],[BPP|S|Binding of purified proteins]","Strong",
"0","ECK125110257","OmpR","ECK120011222","0","0","0","reverse","ECK120032643","sra","-","srap",,,"[GEA|W|Gene expression analysis]","Weak",
