"Acid_Ecoli_Rerun_V3","OmpR_91_4","ompR","inducible","U00096","3390323","3390581","3390410","1034","2.89","0.011194","108","b3243","aaeR","0",
"Acid_Ecoli_Rerun_V3","OmpR_91_4","ompR","inducible","U00096","329297","329540","329448","1408","3.93","0.003991","97","b0313","betI","0",
"Acid_Ecoli_Rerun_V3","OmpR_91_4","ompR","inducible","U00096","4604577","4604774","4604662","1155","3.22","0.00827","65","b4366","bglJ","0",
"Acid_Ecoli_Rerun_V3","OmpR_89_1_4","ompR","inducible","U00096","1103234","1103574","1103397","311","4.17","0.00291","130","b1040","csgD","-38",
"Acid_Ecoli_Rerun_V3","OmpR_89_3_4","ompR","inducible","U00096","1103026","1103883","1103400","3938","44.06","0.003291","124","b1040","csgD","0",
"Acid_Ecoli_Rerun_V3","OmpR_91_4","ompR","inducible","U00096","1103043","1103931","1103406","33925","94.69","0.003265","107","b1040","csgD","0",
"Acid_Ecoli_Rerun_V3","OmpR_91_4","ompR","inducible","U00096","3719840","3720166","3719956","1305","3.64","0.00336","79","b3556","cspA","0",
"Acid_Ecoli_Rerun_V3","OmpR_91_4","ompR","inducible","U00096","657205","657610","657379","1705","4.76","0.002821","81","b0623","cspE","0",
"Acid_Ecoli_Rerun_V3","OmpR_91_4","ompR","inducible","U00096","1250835","1251119","1250955","2572","7.18","0.001642","112","b1201","dhaR","0",
"Acid_Ecoli_Rerun_V3","OmpR_91_4","ompR","inducible","U00096","3247414","3247751","3247619","2779","7.76","0.003387","107","b3094","exuR","0",
"Acid_Ecoli_Rerun_V3","OmpR_89_3_4","ompR","inducible","U00096","1978164","1978499","1978364","493","5.52","0.001708","120","b1892","flhD","0",
"Acid_Ecoli_Rerun_V3","OmpR_91_4","ompR","inducible","U00096","1978163","1978501","1978361","5805","16.2","0.002104","98","b1892","flhD","0",
"Acid_Ecoli_Rerun_V3","OmpR_91_4","ompR","inducible","U00096","89118","89317","89230","999","2.79","0.008778","67","b0080","fruR","86",
"Acid_Ecoli_Rerun_V3","OmpR_89_3_4","ompR","inducible","U00096","2976158","2976609","2976467","398","4.45","0.005474","116","b2837","galR","0",
"Acid_Ecoli_Rerun_V3","OmpR_91_4","ompR","inducible","U00096","2976155","2976622","2976461","3081","8.6","0.003285","111","b2837","galR","0",
"Acid_Ecoli_Rerun_V3","OmpR_91_4","ompR","inducible","U00096","2942554","2942971","2942830","1695","4.73","0.004354","64","b2808","gcvA","0",
"Acid_Ecoli_Rerun_V3","OmpR_89_3_4","ompR","inducible","U00096","3552729","3553187","3553015","489","5.47","0.005377","119","b3418","malT","0",
"Acid_Ecoli_Rerun_V3","OmpR_91_4","ompR","inducible","U00096","3552757","3553257","3552924","5231","14.6","0.005523","102","b3418","malT","0",
"Acid_Ecoli_Rerun_V3","OmpR_91_4","ompR","inducible","U00096","1520823","1521001","1520898","968","2.7","0.01077","57","b1450","yncC","0",
"Acid_Ecoli_Rerun_V3","OmpR_91_4","ompR","inducible","U00096","121829","122106","121991","1557","4.35","0.003892","100","b0113","pdhR","0",
"Acid_Ecoli_Rerun_V3","OmpR_91_4","ompR","inducible","U00096","348459","348619","348540","842","2.35","0.014673","44","b0330","prpR","-16",
"Acid_Ecoli_Rerun_V3","OmpR_91_4","ompR","inducible","U00096","1720786","1721104","1720986","1781","4.97","0.004503","101","b1642","slyA","0",
"Acid_Ecoli_Rerun_V3","OmpR_91_4","ompR","inducible","U00096","1875547","1875768","1875675","1329","3.71","0.002599","92","b1790","yeaM","0",
"Acid_Ecoli_Rerun_V3","OmpR_91_4","ompR","inducible","U00096","4525769","4526043","4525888","1458","4.07","0.002594","105","b4299","yjhI","0",
"Acid_Ecoli_Rerun_V3","OmpR_91_4","ompR","inducible","U00096","2988136","2988421","2988297","1585","4.42","0.002017","99","b2846","yqeH","0",
"Acid_Ecoli_Rerun_V3","OmpR_91_4","ompR","inducible","U00096","7927","8097","8017","937","2.62","0.01249","67","b0007","yaaJ","0",
"Acid_Ecoli_Rerun_V3","OmpR_91_4","ompR","inducible","U00096","36162","36390","36339","957","2.67","0.004952","93","b0036","caiD","0",
"Acid_Ecoli_Rerun_V3","OmpR_91_4","ompR","inducible","U00096","36162","36390","36339","957","2.67","0.004952","93","b0037","caiC","0",
"Acid_Ecoli_Rerun_V3","OmpR_91_4","ompR","inducible","U00096","142630","142862","142777","1000","2.79","0.009896","86","b0126","can","0",
"Acid_Ecoli_Rerun_V3","OmpR_91_4","ompR","inducible","U00096","142630","142862","142777","1000","2.79","0.009896","86","b0127","yadG","0",
"Acid_Ecoli_Rerun_V3","OmpR_91_4","ompR","inducible","U00096","156868","157134","156968","1109","3.1","0.004885","93","b0141","yadN","0",
"Acid_Ecoli_Rerun_V3","OmpR_91_4","ompR","inducible","U00096","243296","243510","243428","1163","3.25","0.004286","93","b0221","fadE","0",
"Acid_Ecoli_Rerun_V3","OmpR_91_4","ompR","inducible","U00096","260060","260353","260199","1145","3.2","0.007705","91","b0241","phoE","0",
"Acid_Ecoli_Rerun_V3","OmpR_91_4","ompR","inducible","U00096","262784","263070","262953","1063","2.97","0.007776","54","b0243","proA","28",
"Acid_Ecoli_Rerun_V3","OmpR_89_3_4","ompR","inducible","U00096","292179","292402","292311","216","2.42","0.008998","68","b0277","yagK","0",
"Acid_Ecoli_Rerun_V3","OmpR_91_4","ompR","inducible","U00096","292128","292410","292285","1958","5.46","0.002935","93","b0277","yagK","0",
"Acid_Ecoli_Rerun_V3","OmpR_91_4","ompR","inducible","U00096","302783","303053","302924","1546","4.31","0.003168","103","b0287","yagU","0",
"Acid_Ecoli_Rerun_V3","OmpR_91_4","ompR","inducible","U00096","312497","312802","312642","1911","5.33","0.003815","108","b4506","ykgO","0",
"Acid_Ecoli_Rerun_V3","OmpR_91_4","ompR","inducible","U00096","312497","312802","312642","1911","5.33","0.003815","108","b0296","ykgM","0",
"Acid_Ecoli_Rerun_V3","OmpR_91_4","ompR","inducible","U00096","329297","329540","329448","1408","3.93","0.003991","97","b0314","betT","0",
"Acid_Ecoli_Rerun_V3","OmpR_91_4","ompR","inducible","U00096","384689","384926","384852","1174","3.28","0.006568","87","b0364","yaiS","-73",
"Acid_Ecoli_Rerun_V3","OmpR_91_4","ompR","inducible","U00096","399388","399691","399527","1240","3.46","0.009204","95","b0380","yaiZ","0",
"Acid_Ecoli_Rerun_V3","OmpR_91_4","ompR","inducible","U00096","401263","401445","401344","846","2.36","0.018165","57","b0382","iraP","0",
"Acid_Ecoli_Rerun_V3","OmpR_91_4","ompR","inducible","U00096","401629","401831","401752","859","2.4","0.015588","62","b0382","iraP","0",
"Acid_Ecoli_Rerun_V3","OmpR_91_4","ompR","inducible","U00096","401629","401831","401752","859","2.4","0.015588","62","b0383","phoA","0",
"Acid_Ecoli_Rerun_V3","OmpR_91_4","ompR","inducible","U00096","403572","403846","403711","2425","6.77","0.002201","98","b0384","psiF","0",
"Acid_Ecoli_Rerun_V3","OmpR_91_4","ompR","inducible","U00096","403572","403846","403711","2425","6.77","0.002201","98","b0385","yaiC","0",
"Acid_Ecoli_Rerun_V3","OmpR_91_4","ompR","inducible","U00096","431994","432176","432083","902","2.52","0.013084","30","b0411","tsx","0",
"Acid_Ecoli_Rerun_V3","OmpR_91_4","ompR","inducible","U00096","451603","451859","451681","995","2.78","0.005412","93","b0432","cyoA","0",
"Acid_Ecoli_Rerun_V3","OmpR_91_4","ompR","inducible","U00096","523108","523273","523134","837","2.34","0.01298","50","b0497","rhsD","0",
"Acid_Ecoli_Rerun_V3","OmpR_91_4","ompR","inducible","U00096","579279","579674","579511","2683","7.49","0.005166","105","b0558","ybcV","0",
"Acid_Ecoli_Rerun_V3","OmpR_89_3_4","ompR","inducible","U00096","629725","629981","629900","252","2.82","0.003346","109","b0598","cstA","0",
"Acid_Ecoli_Rerun_V3","OmpR_91_4","ompR","inducible","U00096","629715","629999","629862","2622","7.32","0.001983","106","b0598","cstA","0",
"Acid_Ecoli_Rerun_V3","OmpR_91_4","ompR","inducible","U00096","651794","652017","651833","859","2.4","0.011314","90","b0618","citC","0",
"Acid_Ecoli_Rerun_V3","OmpR_91_4","ompR","inducible","U00096","657205","657610","657379","1705","4.76","0.002821","81","b0624","flc","0",
"Acid_Ecoli_Rerun_V3","OmpR_89_3_4","ompR","inducible","U00096","659100","659392","659235","342","3.83","0.004117","118","b0627","tatE","0",
"Acid_Ecoli_Rerun_V3","OmpR_91_4","ompR","inducible","U00096","659086","659401","659239","3419","9.54","0.002642","98","b0627","tatE","0",
"Acid_Ecoli_Rerun_V3","OmpR_89_3_4","ompR","inducible","U00096","659100","659392","659235","342","3.83","0.004117","118","b0628","lipA","0",
"Acid_Ecoli_Rerun_V3","OmpR_91_4","ompR","inducible","U00096","659086","659401","659239","3419","9.54","0.002642","98","b0628","lipA","0",
"Acid_Ecoli_Rerun_V3","OmpR_89_3_4","ompR","inducible","U00096","708068","708283","708238","233","2.61","0.006524","95","b0681","chiP","-51",
"Acid_Ecoli_Rerun_V3","OmpR_91_4","ompR","inducible","U00096","707981","708347","708136","2157","6.02","0.005184","107","b0681","chiP","0",
"Acid_Ecoli_Rerun_V3","OmpR_91_4","ompR","inducible","U00096","742622","742886","742785","1575","4.4","0.003791","96","b0710","ybgI","0",
"Acid_Ecoli_Rerun_V3","OmpR_91_4","ompR","inducible","U00096","754711","754888","754768","775","2.16","0.019928","22","b0720","gltA","-243",
"Acid_Ecoli_Rerun_V3","OmpR_91_4","ompR","inducible","U00096","770954","771468","771039","1224","3.42","0.00472","99","b0733","cydA","0",
"Acid_Ecoli_Rerun_V3","OmpR_89_3_4","ompR","inducible","U00096","841602","841845","841725","249","2.79","0.002547","107","b0806","mcbA","0",
"Acid_Ecoli_Rerun_V3","OmpR_91_4","ompR","inducible","U00096","841553","841867","841725","3324","9.28","0.002336","99","b0806","mcbA","0",
"Acid_Ecoli_Rerun_V3","OmpR_91_4","ompR","inducible","U00096","848065","848292","848151","1125","3.14","0.005667","88","b0811","glnH","-61",
"Acid_Ecoli_Rerun_V3","OmpR_89_3_4","ompR","inducible","U00096","850168","850526","850341","485","5.43","0.002171","122","b0814","ompX","0",
"Acid_Ecoli_Rerun_V3","OmpR_91_4","ompR","inducible","U00096","850149","850518","850335","3886","10.85","0.004026","108","b0814","ompX","0",
"Acid_Ecoli_Rerun_V3","OmpR_89_1_4","ompR","inducible","U00096","987037","987383","987181","220","2.95","0.007403","113","b0929","ompF","-55",
"Acid_Ecoli_Rerun_V3","OmpR_89_3_4","ompR","inducible","U00096","986730","987696","987229","3891","43.53","0.001062","126","b0929","ompF","0",
"Acid_Ecoli_Rerun_V3","OmpR_91_4","ompR","inducible","U00096","986763","987646","987185","53835","150.25","0.001131","104","b0929","ompF","0",
"Acid_Ecoli_Rerun_V3","OmpR_89_3_4","ompR","inducible","U00096","986730","987696","987229","3891","43.53","0.001062","126","b0930","asnS","0",
"Acid_Ecoli_Rerun_V3","OmpR_91_4","ompR","inducible","U00096","986763","987646","987185","53835","150.25","0.001131","104","b0930","asnS","0",
"Acid_Ecoli_Rerun_V3","OmpR_91_4","ompR","inducible","U00096","998656","998886","998773","1269","3.54","0.004892","90","b0939","elfD","0",
"Acid_Ecoli_Rerun_V3","OmpR_89_3_4","ompR","inducible","U00096","1027650","1028036","1027859","959","10.73","0.002465","121","b0964","yccT","0",
"Acid_Ecoli_Rerun_V3","OmpR_91_4","ompR","inducible","U00096","1027623","1028045","1027858","14725","41.1","0.002907","103","b0964","yccT","0",
"Acid_Ecoli_Rerun_V3","OmpR_89_3_4","ompR","inducible","U00096","1157555","1157779","1157672","232","2.6","0.005654","96","b1100","ycfH","0",
"Acid_Ecoli_Rerun_V3","OmpR_91_4","ompR","inducible","U00096","1157521","1157863","1157665","2630","7.34","0.00598","101","b1100","ycfH","0",
"Acid_Ecoli_Rerun_V3","OmpR_89_3_4","ompR","inducible","U00096","1215646","1215836","1215785","251","2.81","0.011843","85","b1164","ycgZ","0",
"Acid_Ecoli_Rerun_V3","OmpR_91_4","ompR","inducible","U00096","1215582","1215902","1215730","2389","6.67","0.003947","103","b1164","ycgZ","0",
"Acid_Ecoli_Rerun_V3","OmpR_91_4","ompR","inducible","U00096","1250835","1251119","1250955","2572","7.18","0.001642","112","b1200","dhaK","0",
"Acid_Ecoli_Rerun_V3","OmpR_89_3_4","ompR","inducible","U00096","1258751","1259012","1258909","240","2.69","0.007934","41","b1205","ychH","0",
"Acid_Ecoli_Rerun_V3","OmpR_91_4","ompR","inducible","U00096","1258712","1259184","1259093","1346","3.76","0.00434","28","b1205","ychH","0",
"Acid_Ecoli_Rerun_V3","OmpR_91_4","ompR","inducible","U00096","1258712","1259184","1259093","1346","3.76","0.00434","28","b1206","dauA","0",
"Acid_Ecoli_Rerun_V3","OmpR_89_3_4","ompR","inducible","U00096","1271841","1271991","1271855","204","2.28","0.009628","54","b1216","chaA","0",
"Acid_Ecoli_Rerun_V3","OmpR_91_4","ompR","inducible","U00096","1271778","1272059","1271884","1847","5.15","0.002827","96","b1216","chaA","0",
"Acid_Ecoli_Rerun_V3","OmpR_91_4","ompR","inducible","U00096","1409032","1409316","1409144","1034","2.89","0.011057","80","b1342","ydaN","0",
"Acid_Ecoli_Rerun_V3","OmpR_91_4","ompR","inducible","U00096","1520823","1521001","1520898","968","2.7","0.01077","57","b1451","yncD","0",
"Acid_Ecoli_Rerun_V3","OmpR_89_3_4","ompR","inducible","U00096","1543916","1544486","1544238","1407","15.74","0.003956","132","b1469","narU","0",
"Acid_Ecoli_Rerun_V3","OmpR_91_4","ompR","inducible","U00096","1543987","1544513","1544237","11429","31.9","0.003246","104","b1469","narU","0",
"Acid_Ecoli_Rerun_V3","OmpR_89_3_4","ompR","inducible","U00096","1577032","1577298","1577169","237","2.65","0.00622","110","b1495","yddB","0",
"Acid_Ecoli_Rerun_V3","OmpR_91_4","ompR","inducible","U00096","1577028","1577307","1577176","1913","5.34","0.002469","98","b1495","yddB","0",
"Acid_Ecoli_Rerun_V3","OmpR_91_4","ompR","inducible","U00096","1637018","1637243","1637189","910","2.54","0.009175","74","b1549","ydfO","0",
"Acid_Ecoli_Rerun_V3","OmpR_91_4","ompR","inducible","U00096","1697557","1697785","1697673","1264","3.53","0.006249","86","b1619","hdhA","0",
"Acid_Ecoli_Rerun_V3","OmpR_89_1_4","ompR","inducible","U00096","1712433","1712773","1712637","297","3.98","0.004537","85","b1634","dtpA","0",
"Acid_Ecoli_Rerun_V3","OmpR_89_3_4","ompR","inducible","U00096","1712287","1712916","1712628","1655","18.52","0.005183","128","b1634","dtpA","0",
"Acid_Ecoli_Rerun_V3","OmpR_91_4","ompR","inducible","U00096","1712268","1712846","1712628","13019","36.34","0.004559","110","b1634","dtpA","0",
"Acid_Ecoli_Rerun_V3","OmpR_91_4","ompR","inducible","U00096","1719706","1719910","1719787","787","2.2","0.011545","80","b1641","slyB","0",
"Acid_Ecoli_Rerun_V3","OmpR_91_4","ompR","inducible","U00096","1720786","1721104","1720986","1781","4.97","0.004503","101","b1643","ydhI","0",
"Acid_Ecoli_Rerun_V3","OmpR_91_4","ompR","inducible","U00096","1799891","1800203","1800039","1463","4.08","0.005554","85","b1717","rpmI","0",
"Acid_Ecoli_Rerun_V3","OmpR_91_4","ompR","inducible","U00096","1799891","1800203","1800039","1463","4.08","0.005554","85","b1718","infC","0",
"Acid_Ecoli_Rerun_V3","OmpR_91_4","ompR","inducible","U00096","1870201","1870437","1870304","1102","3.08","0.004014","94","b1784","yeaH","0",
"Acid_Ecoli_Rerun_V3","OmpR_91_4","ompR","inducible","U00096","1870201","1870437","1870304","1102","3.08","0.004014","94","b1785","yeaI","0",
"Acid_Ecoli_Rerun_V3","OmpR_91_4","ompR","inducible","U00096","1875547","1875768","1875675","1329","3.71","0.002599","92","b1791","yeaN","0",
"Acid_Ecoli_Rerun_V3","OmpR_91_4","ompR","inducible","U00096","1912581","1912787","1912709","931","2.6","0.015656","92","b1830","prc","0",
"Acid_Ecoli_Rerun_V3","OmpR_89_3_4","ompR","inducible","U00096","1925205","1925506","1925348","306","3.42","0.006931","114","b1842","holE","0",
"Acid_Ecoli_Rerun_V3","OmpR_91_4","ompR","inducible","U00096","1925207","1925491","1925360","2671","7.45","0.002514","101","b1842","holE","0",
"Acid_Ecoli_Rerun_V3","OmpR_89_3_4","ompR","inducible","U00096","1925205","1925506","1925348","306","3.42","0.006931","114","b1843","yobB","0",
"Acid_Ecoli_Rerun_V3","OmpR_91_4","ompR","inducible","U00096","1925207","1925491","1925360","2671","7.45","0.002514","101","b1843","yobB","0",
"Acid_Ecoli_Rerun_V3","OmpR_91_4","ompR","inducible","U00096","1942523","1942701","1942583","1135","3.17","0.005607","81","b1857","znuA","0",
"Acid_Ecoli_Rerun_V3","OmpR_91_4","ompR","inducible","U00096","1942523","1942701","1942583","1135","3.17","0.005607","81","b1858","znuC","0",
"Acid_Ecoli_Rerun_V3","OmpR_91_4","ompR","inducible","U00096","1986626","1986843","1986811","858","2.39","0.008547","75","b1902","ftnB","-82",
"Acid_Ecoli_Rerun_V3","OmpR_89_3_4","ompR","inducible","U00096","2109329","2109679","2109505","615","6.88","0.001895","125","b2037","wzxB","0",
"Acid_Ecoli_Rerun_V3","OmpR_91_4","ompR","inducible","U00096","2109274","2109698","2109500","7382","20.6","0.004896","100","b2037","wzxB","0",
"Acid_Ecoli_Rerun_V3","OmpR_89_3_4","ompR","inducible","U00096","2109329","2109679","2109505","615","6.88","0.001895","125","b2038","rfbC","0",
"Acid_Ecoli_Rerun_V3","OmpR_91_4","ompR","inducible","U00096","2109274","2109698","2109500","7382","20.6","0.004896","100","b2038","rfbC","0",
"Acid_Ecoli_Rerun_V3","OmpR_91_4","ompR","inducible","U00096","2174133","2177289","2176264","1799","5.02","0.001106","92","b2093","gatB","0",
"Acid_Ecoli_Rerun_V3","OmpR_91_4","ompR","inducible","U00096","2174133","2177289","2176264","1799","5.02","0.001106","92","b2094","gatA","0",
"Acid_Ecoli_Rerun_V3","OmpR_91_4","ompR","inducible","U00096","2174133","2177289","2176264","1799","5.02","0.001106","92","b2095","gatZ","0",
"Acid_Ecoli_Rerun_V3","OmpR_91_4","ompR","inducible","U00096","2174133","2177289","2176264","1799","5.02","0.001106","92","b2096","gatY","0",
"Acid_Ecoli_Rerun_V3","OmpR_91_4","ompR","inducible","U00096","2192095","2192410","2192254","1567","4.37","0.006943","94","b2111","yehD","0",
"Acid_Ecoli_Rerun_V3","OmpR_89_1_4","ompR","inducible","U00096","2312764","2313132","2312953","247","3.31","0.003892","97","b2215","ompC","-15",
"Acid_Ecoli_Rerun_V3","OmpR_89_3_4","ompR","inducible","U00096","2312428","2313377","2312930","3043","34.04","0.001512","128","b2215","ompC","0",
"Acid_Ecoli_Rerun_V3","OmpR_91_4","ompR","inducible","U00096","2312405","2313343","2312930","39113","109.16","0.002746","103","b2215","ompC","0",
"Acid_Ecoli_Rerun_V3","OmpR_91_4","ompR","inducible","U00096","2344341","2344609","2344454","2216","6.18","0.00233","98","b2233","yfaL","-172",
"Acid_Ecoli_Rerun_V3","OmpR_91_4","ompR","inducible","U00096","2352434","2352620","2352482","813","2.27","0.014101","76","b2241","glpA","-27",
"Acid_Ecoli_Rerun_V3","OmpR_91_4","ompR","inducible","U00096","2364268","2364529","2364380","1270","3.54","0.003076","102","b2250","yfaZ","0",
"Acid_Ecoli_Rerun_V3","OmpR_91_4","ompR","inducible","U00096","2405095","2405421","2405275","1247","3.48","0.004972","94","b2288","nuoA","-23",
"Acid_Ecoli_Rerun_V3","OmpR_89_3_4","ompR","inducible","U00096","2455976","2456311","2456179","363","4.06","0.002267","119","b2340","sixA","16",
"Acid_Ecoli_Rerun_V3","OmpR_91_4","ompR","inducible","U00096","2455928","2456323","2456106","4987","13.92","0.003108","101","b2340","sixA","4",
"Acid_Ecoli_Rerun_V3","OmpR_91_4","ompR","inducible","U00096","2461044","2461311","2461178","942","2.63","0.010321","27","b2344","fadL","0",
"Acid_Ecoli_Rerun_V3","OmpR_91_4","ompR","inducible","U00096","2560103","2560371","2560214","1013","2.83","0.013584","97","b2443","yffL","0",
"Acid_Ecoli_Rerun_V3","OmpR_91_4","ompR","inducible","U00096","2563266","2563606","2563442","1656","4.62","0.002863","101","b2448","yffQ","0",
"Acid_Ecoli_Rerun_V3","OmpR_91_4","ompR","inducible","U00096","2564407","2564580","2564552","793","2.21","0.01096","74","b2450","yffS","0",
"Acid_Ecoli_Rerun_V3","OmpR_91_4","ompR","inducible","U00096","2736938","2737664","2737266","1776","4.96","0.001989","67","b2597","raiA","0",
"Acid_Ecoli_Rerun_V3","OmpR_91_4","ompR","inducible","U00096","2736938","2737664","2737266","1776","4.96","0.001989","67","b2598","pheL","0",
"Acid_Ecoli_Rerun_V3","OmpR_91_4","ompR","inducible","U00096","2861260","2861439","2861320","1114","3.11","0.005412","74","b2736","ygbJ","0",
"Acid_Ecoli_Rerun_V3","OmpR_91_4","ompR","inducible","U00096","2872866","2873019","2872990","946","2.64","0.011211","44","b2749","ygbE","0",
"Acid_Ecoli_Rerun_V3","OmpR_91_4","ompR","inducible","U00096","2873336","2873542","2873495","843","2.35","0.008123","71","b2749","ygbE","0",
"Acid_Ecoli_Rerun_V3","OmpR_91_4","ompR","inducible","U00096","2873336","2873542","2873495","843","2.35","0.008123","71","b2750","cysC","0",
"Acid_Ecoli_Rerun_V3","OmpR_91_4","ompR","inducible","U00096","2900208","2900490","2900311","991","2.77","0.01031","40","b2774","ygcW","0",
"Acid_Ecoli_Rerun_V3","OmpR_91_4","ompR","inducible","U00096","2902897","2903083","2902929","818","2.28","0.018885","79","b2776","ygcE","0",
"Acid_Ecoli_Rerun_V3","OmpR_89_3_4","ompR","inducible","U00096","2905276","2905674","2905489","645","7.22","0.002926","111","b2777","queE","0",
"Acid_Ecoli_Rerun_V3","OmpR_91_4","ompR","inducible","U00096","2905314","2905652","2905501","6024","16.81","0.001833","101","b2777","queE","0",
"Acid_Ecoli_Rerun_V3","OmpR_89_3_4","ompR","inducible","U00096","2905276","2905674","2905489","645","7.22","0.002926","111","b4682","yqcG","0",
"Acid_Ecoli_Rerun_V3","OmpR_91_4","ompR","inducible","U00096","2905314","2905652","2905501","6024","16.81","0.001833","101","b4682","yqcG","0",
"Acid_Ecoli_Rerun_V3","OmpR_91_4","ompR","inducible","U00096","2913862","2914111","2914009","1406","3.92","0.004237","98","b2785","rlmD","0",
"Acid_Ecoli_Rerun_V3","OmpR_91_4","ompR","inducible","U00096","2924080","2924582","2924224","1176","3.28","0.005065","55","b2792","yqcC","0",
"Acid_Ecoli_Rerun_V3","OmpR_91_4","ompR","inducible","U00096","2942554","2942971","2942830","1695","4.73","0.004354","64","b2809","ygdI","0",
"Acid_Ecoli_Rerun_V3","OmpR_89_3_4","ompR","inducible","U00096","3087946","3088222","3088188","211","2.36","0.009054","113","b2943","galP","-62",
"Acid_Ecoli_Rerun_V3","OmpR_91_4","ompR","inducible","U00096","3087925","3088220","3088084","1304","3.64","0.007461","98","b2943","galP","-64",
"Acid_Ecoli_Rerun_V3","OmpR_91_4","ompR","inducible","U00096","3153335","3153581","3153513","963","2.69","0.011095","91","b3008","metC","0",
"Acid_Ecoli_Rerun_V3","OmpR_91_4","ompR","inducible","U00096","3153335","3153581","3153513","963","2.69","0.011095","91","b3009","yghB","0",
"Acid_Ecoli_Rerun_V3","OmpR_91_4","ompR","inducible","U00096","3192036","3192310","3192164","978","2.73","0.007607","103","b3050","yqiJ","0",
"Acid_Ecoli_Rerun_V3","OmpR_91_4","ompR","inducible","U00096","3219194","3219469","3219352","1193","3.33","0.006891","89","b3073","patA","-25",
"Acid_Ecoli_Rerun_V3","OmpR_89_3_4","ompR","inducible","U00096","3238226","3238486","3238300","312","3.49","0.001407","116","b3087","ygjR","0",
"Acid_Ecoli_Rerun_V3","OmpR_91_4","ompR","inducible","U00096","3238211","3238497","3238375","3146","8.78","0.001699","102","b3087","ygjR","0",
"Acid_Ecoli_Rerun_V3","OmpR_89_3_4","ompR","inducible","U00096","3239684","3240037","3239866","350","3.92","0.004465","98","b3089","sstT","0",
"Acid_Ecoli_Rerun_V3","OmpR_91_4","ompR","inducible","U00096","3239639","3240006","3239783","3010","8.4","0.002911","105","b3089","sstT","0",
"Acid_Ecoli_Rerun_V3","OmpR_89_3_4","ompR","inducible","U00096","3247432","3247777","3247593","345","3.86","0.003331","122","b3095","yqjA","0",
"Acid_Ecoli_Rerun_V3","OmpR_91_4","ompR","inducible","U00096","3318022","3318446","3318173","1243","3.47","0.00244","28","b3170","rimP","-16",
"Acid_Ecoli_Rerun_V3","OmpR_91_4","ompR","inducible","U00096","3350440","3350709","3350557","1107","3.09","0.00626","29","b3209","elbB","0",
"Acid_Ecoli_Rerun_V3","OmpR_91_4","ompR","inducible","U00096","3350440","3350709","3350557","1107","3.09","0.00626","29","b3210","arcB","0",
"Acid_Ecoli_Rerun_V3","OmpR_91_4","ompR","inducible","U00096","3360970","3361241","3361121","1131","3.16","0.00467","68","b3214","gltF","0",
"Acid_Ecoli_Rerun_V3","OmpR_91_4","ompR","inducible","U00096","3385306","3385546","3385424","1013","2.83","0.006407","98","b3238","yhcN","0",
"Acid_Ecoli_Rerun_V3","OmpR_91_4","ompR","inducible","U00096","3450194","3450469","3450322","1803","5.03","0.002435","106","b3315","rplV","0",
"Acid_Ecoli_Rerun_V3","OmpR_89_3_4","ompR","inducible","U00096","3450241","3450467","3450333","200","2.24","0.009419","77","b3316","rpsS","0",
"Acid_Ecoli_Rerun_V3","OmpR_91_4","ompR","inducible","U00096","3450194","3450469","3450322","1803","5.03","0.002435","106","b3316","rpsS","0",
"Acid_Ecoli_Rerun_V3","OmpR_91_4","ompR","inducible","U00096","3492277","3492534","3492377","1172","3.27","0.007545","80","b3363","ppiA","0",
"Acid_Ecoli_Rerun_V3","OmpR_89_3_4","ompR","inducible","U00096","3582422","3582783","3582594","296","3.31","0.003828","88","b3442","yhhZ","0",
"Acid_Ecoli_Rerun_V3","OmpR_91_4","ompR","inducible","U00096","3582419","3582835","3582593","2805","7.83","0.005157","100","b3442","yhhZ","0",
"Acid_Ecoli_Rerun_V3","OmpR_91_4","ompR","inducible","U00096","3592314","3592494","3592429","836","2.33","0.014342","45","b3453","ugpB","0",
"Acid_Ecoli_Rerun_V3","OmpR_91_4","ompR","inducible","U00096","3597507","3597767","3597659","1153","3.22","0.005233","82","b3458","livK","0",
"Acid_Ecoli_Rerun_V3","OmpR_91_4","ompR","inducible","U00096","3600733","3601050","3600958","1098","3.06","0.007796","41","b3461","rpoH","0",
"Acid_Ecoli_Rerun_V3","OmpR_91_4","ompR","inducible","U00096","3600733","3601050","3600958","1098","3.06","0.007796","41","b3462","ftsX","0",
"Acid_Ecoli_Rerun_V3","OmpR_91_4","ompR","inducible","U00096","3634116","3634885","3634500","1219","3.4","0.010255","20","b3491","yhiM","0",
"Acid_Ecoli_Rerun_V3","OmpR_91_4","ompR","inducible","U00096","3655810","3657357","3656871","2150","6","0.004453","93","b3508","yhiD","0",
"Acid_Ecoli_Rerun_V3","OmpR_91_4","ompR","inducible","U00096","3655810","3657357","3656871","2150","6","0.004453","93","b3509","hdeB","0",
"Acid_Ecoli_Rerun_V3","OmpR_91_4","ompR","inducible","U00096","3655810","3657357","3656871","2150","6","0.004453","93","b3510","hdeA","0",
"Acid_Ecoli_Rerun_V3","OmpR_89_3_4","ompR","inducible","U00096","3656771","3657002","3656878","248","2.77","0.008399","20","b3511","hdeD","0",
"Acid_Ecoli_Rerun_V3","OmpR_91_4","ompR","inducible","U00096","3655810","3657357","3656871","2150","6","0.004453","93","b3511","hdeD","0",
"Acid_Ecoli_Rerun_V3","OmpR_89_3_4","ompR","inducible","U00096","3674538","3674882","3674715","361","4.04","0.003869","133","b3523","yhjE","0",
"Acid_Ecoli_Rerun_V3","OmpR_91_4","ompR","inducible","U00096","3674545","3674874","3674710","2554","7.13","0.003603","102","b3523","yhjE","0",
"Acid_Ecoli_Rerun_V3","OmpR_91_4","ompR","inducible","U00096","3707883","3708138","3708046","1418","3.96","0.004713","73","b3544","dppA","-178",
"Acid_Ecoli_Rerun_V3","OmpR_91_4","ompR","inducible","U00096","3730858","3731175","3731027","955","2.67","0.009719","53","b3566","xylF","0",
"Acid_Ecoli_Rerun_V3","OmpR_91_4","ompR","inducible","U00096","3793086","3793453","3793284","1467","4.09","0.004481","99","b3618","yibB","0",
"Acid_Ecoli_Rerun_V3","OmpR_91_4","ompR","inducible","U00096","3802912","3803304","3803107","1578","4.4","0.008159","89","b3627","waaO","0",
"Acid_Ecoli_Rerun_V3","OmpR_91_4","ompR","inducible","U00096","3802912","3803304","3803107","1578","4.4","0.008159","89","b3628","waaB","0",
"Acid_Ecoli_Rerun_V3","OmpR_89_3_4","ompR","inducible","U00096","3888293","3888854","3888595","355","3.97","0.004809","91","b3707","tnaC","0",
"Acid_Ecoli_Rerun_V3","OmpR_91_4","ompR","inducible","U00096","3888279","3888958","3888594","4062","11.34","0.002688","96","b3707","tnaC","0",
"Acid_Ecoli_Rerun_V3","OmpR_89_3_4","ompR","inducible","U00096","3888293","3888854","3888595","355","3.97","0.004809","91","b3708","tnaA","0",
"Acid_Ecoli_Rerun_V3","OmpR_91_4","ompR","inducible","U00096","3888279","3888958","3888594","4062","11.34","0.002688","96","b3708","tnaA","0",
"Acid_Ecoli_Rerun_V3","OmpR_91_4","ompR","inducible","U00096","3922468","3922811","3922594","1249","3.49","0.005546","99","b3739","atpI","-28",
"Acid_Ecoli_Rerun_V3","OmpR_89_3_4","ompR","inducible","U00096","4016136","4016409","4016216","237","2.65","0.006791","33","b3830","ysgA","0",
"Acid_Ecoli_Rerun_V3","OmpR_91_4","ompR","inducible","U00096","4016087","4016385","4016215","1623","4.53","0.005719","101","b3830","ysgA","0",
"Acid_Ecoli_Rerun_V3","OmpR_91_4","ompR","inducible","U00096","4058048","4058414","4058259","3201","8.93","0.004054","107","b3871","typA","0",
"Acid_Ecoli_Rerun_V3","OmpR_89_3_4","ompR","inducible","U00096","4246566","4246920","4246742","321","3.59","0.003318","128","b4035","malK","0",
"Acid_Ecoli_Rerun_V3","OmpR_91_4","ompR","inducible","U00096","4246621","4246929","4246745","2772","7.74","0.004207","102","b4035","malK","0",
"Acid_Ecoli_Rerun_V3","OmpR_91_4","ompR","inducible","U00096","4287476","4287757","4287597","1208","3.37","0.006133","100","b4070","nrfA","-7",
"Acid_Ecoli_Rerun_V3","OmpR_91_4","ompR","inducible","U00096","4366686","4368527","4368193","1455","4.06","0.002983","50","b4138","dcuA","0",
"Acid_Ecoli_Rerun_V3","OmpR_91_4","ompR","inducible","U00096","4366686","4368527","4368193","1455","4.06","0.002983","50","b4139","aspA","0",
"Acid_Ecoli_Rerun_V3","OmpR_91_4","ompR","inducible","U00096","4400144","4400357","4400211","964","2.69","0.007613","41","b4171","miaA","0",
"Acid_Ecoli_Rerun_V3","OmpR_91_4","ompR","inducible","U00096","4400144","4400357","4400211","964","2.69","0.007613","41","b4172","hfq","0",
"Acid_Ecoli_Rerun_V3","OmpR_91_4","ompR","inducible","U00096","4404587","4405021","4404842","1225","3.42","0.005227","65","b4177","purA","0",
"Acid_Ecoli_Rerun_V3","OmpR_91_4","ompR","inducible","U00096","4439327","4439597","4439439","982","2.74","0.00872","58","b4217","ytfK","0",
"Acid_Ecoli_Rerun_V3","OmpR_89_3_4","ompR","inducible","U00096","4467320","4467791","4467536","324","3.62","0.006703","84","b4702","mgtL","0",
"Acid_Ecoli_Rerun_V3","OmpR_89_3_4","ompR","inducible","U00096","4467320","4467791","4467536","324","3.62","0.006703","84","b4242","mgtA","0",
"Acid_Ecoli_Rerun_V3","OmpR_91_4","ompR","inducible","U00096","4475687","4476048","4475973","1291","3.6","0.007831","95","b4253","yjgL","0",
"Acid_Ecoli_Rerun_V3","OmpR_91_4","ompR","inducible","U00096","4477119","4477280","4477217","791","2.21","0.018667","30","b4253","yjgL","0",
"Acid_Ecoli_Rerun_V3","OmpR_91_4","ompR","inducible","U00096","4503480","4503761","4503625","1007","2.81","0.00985","87","b4278","insG","-49",
"Acid_Ecoli_Rerun_V3","OmpR_89_3_4","ompR","inducible","U00096","4518165","4518463","4518337","284","3.18","0.003622","109","b4293","fecI","0",
"Acid_Ecoli_Rerun_V3","OmpR_91_4","ompR","inducible","U00096","4518137","4518515","4518335","4214","11.76","0.002546","103","b4293","fecI","0",
"Acid_Ecoli_Rerun_V3","OmpR_91_4","ompR","inducible","U00096","4533969","4534268","4534093","1373","3.83","0.005389","78","b4566","yjhX","0",
"Acid_Ecoli_Rerun_V3","OmpR_91_4","ompR","inducible","U00096","4556432","4556771","4556678","1043","2.91","0.010207","69","b4325","yjiC","-112",
"Acid_Ecoli_Rerun_V3","OmpR_91_4","ompR","inducible","U00096","4568518","4568769","4568649","1009","2.82","0.00626","59","b4337","mdtM","0",
"Acid_Ecoli_Rerun_V3","OmpR_91_4","ompR","inducible","U00096","4635349","4635612","4635513","850","2.37","0.014079","52","b4397","creA","0",
"Acid_Ecoli_Rerun_V3","OmpR_89_3_4","ompR","inducible","U00096","1027650","1028036","1027859","959","10.73","0.002465","121","b0965","yccU","0",
"Acid_Ecoli_Rerun_V3","OmpR_91_4","ompR","inducible","U00096","1027623","1028045","1027858","14725","41.1","0.002907","103","b0965","yccU","0",
"Acid_Ecoli_Rerun_V3","OmpR_89_3_4","ompR","inducible","U00096","2788734","2789010","2788893","324","3.62","0.002547","112","b2659","csiD","0",
"Acid_Ecoli_Rerun_V3","OmpR_91_4","ompR","inducible","U00096","2788633","2789001","2788900","3869","10.8","0.005053","100","b2659","csiD","0",
